epoch,loss,val_loss
0,2.572359561920166,1.7637500762939453
