epoch,loss,val_loss
0,0.5056207776069641,0.23144687712192535
1,0.16457229852676392,0.1423848420381546
